,Location,Price,Type,rooms,Property ID
0,canterbury,"£350,000        ",flat,2,prop122044046
1,canterbury,"£499,950        ",flat,2,prop118979573
2,canterbury,"£475,000        ",flat,2,prop121800494
3,canterbury,"£465,000        ",flat,2,prop118136597
4,canterbury,"£425,000        ",flat,2,prop120374633
5,canterbury,"£425,000        ",flat,2,prop120591494
6,canterbury,"£400,000        ",flat,2,prop121728914
7,canterbury,"£375,000        ",flat,2,prop121086200
8,canterbury,"£375,000        ",flat,2,prop79956912
9,canterbury,"£375,000        ",flat,2,prop118027082
10,canterbury,"£350,000        ",flat,2,prop120150476
11,canterbury,"£345,000        ",flat,2,prop112738814
12,canterbury,"£339,950        ",flat,2,prop107810432
13,canterbury,"£335,000        ",flat,2,prop121079549
14,canterbury,"£325,000        ",flat,2,prop111704330
15,canterbury,"£325,000        ",flat,2,prop121425560
16,canterbury,"£325,000        ",flat,2,prop121095305
17,canterbury,"£325,000        ",flat,2,prop108698390
18,canterbury,"£325,000        ",flat,2,prop121190642
19,canterbury,"£315,000        ",flat,2,prop109763393
20,canterbury,"£305,000        ",flat,2,prop119535206
21,canterbury,"£300,000        ",flat,2,prop120118304
22,canterbury,"£300,000        ",flat,2,prop96455210
23,canterbury,"£300,000        ",flat,2,prop113505749
24,canterbury,"£289,950        ",flat,2,prop118900664
25,canterbury,"£300,000        ",flat,2,prop121288727
26,canterbury,"£300,000        ",flat,2,prop117904961
27,canterbury,"£300,000        ",flat,2,prop82846011
28,canterbury,"£300,000        ",flat,2,prop97022906
29,canterbury,"£300,000        ",flat,2,prop115722149
30,canterbury,"£299,999        ",flat,2,prop102376316
31,canterbury,"£299,950        ",flat,2,prop112911341
32,canterbury,"£299,000        ",flat,2,prop120129269
33,canterbury,"£295,000        ",flat,2,prop118614881
34,canterbury,"£290,000        ",flat,2,prop117346844
35,canterbury,"£290,000        ",flat,2,prop111768788
36,canterbury,"£290,000        ",flat,2,prop120772082
37,canterbury,"£290,000        ",flat,2,prop112402094
38,canterbury,"£290,000        ",flat,2,prop119001728
39,canterbury,"£280,000        ",flat,2,prop121445462
40,canterbury,"£280,000        ",flat,2,prop121482371
41,canterbury,"£280,000        ",flat,2,prop121555955
42,canterbury,"£280,000        ",flat,2,prop120900524
43,canterbury,"£280,000        ",flat,2,prop119294258
44,canterbury,"£280,000        ",flat,2,prop117153242
45,canterbury,"£280,000        ",flat,2,prop112546685
46,canterbury,"£275,000        ",flat,2,prop110782016
47,canterbury,"£265,000        ",flat,2,prop120146600
48,canterbury,"£230,000        ",flat,2,prop88849982
49,canterbury,"£265,000        ",flat,2,prop82580917
50,canterbury,"£265,000        ",flat,2,prop119798294
51,canterbury,"£265,000        ",flat,2,prop115910222
52,canterbury,"£260,000        ",flat,2,prop120517883
53,canterbury,"£260,000        ",flat,2,prop116387252
54,canterbury,"£260,000        ",flat,2,prop121556480
55,canterbury,"£260,000        ",flat,2,prop114783017
56,canterbury,"£260,000        ",flat,2,prop120517754
57,canterbury,"£260,000        ",flat,2,prop114783221
58,canterbury,"£260,000        ",flat,2,prop120435356
59,canterbury,"£255,000        ",flat,2,prop118628807
60,canterbury,"£250,000        ",flat,2,prop117440531
61,canterbury,"£250,000        ",flat,2,prop114984812
62,canterbury,"£250,000        ",flat,2,prop90162899
63,canterbury,"£250,000        ",flat,2,prop105708962
64,canterbury,"£250,000        ",flat,2,prop84062538
65,canterbury,"£250,000        ",flat,2,prop114780296
66,canterbury,"£250,000        ",flat,2,prop116990588
67,canterbury,"£250,000        ",flat,2,prop119106020
68,canterbury,"£245,000        ",flat,2,prop119264207
69,canterbury,"£245,000        ",flat,2,prop115325318
70,canterbury,"£240,000        ",flat,2,prop117592727
71,canterbury,"£240,000        ",flat,2,prop120682808
72,canterbury,"£240,000        ",flat,2,prop120790763
73,canterbury,"£240,000        ",flat,2,prop116402861
74,canterbury,"£240,000        ",flat,2,prop115427159
75,canterbury,"£240,000        ",flat,2,prop120002210
76,canterbury,"£240,000        ",flat,2,prop118681340
77,canterbury,"£240,000        ",flat,2,prop115407083
78,canterbury,"£240,000        ",flat,2,prop121206434
79,canterbury,"£240,000        ",flat,2,prop121035413
80,canterbury,"£237,500        ",flat,2,prop120146594
81,canterbury,"£235,000        ",flat,2,prop118303256
82,canterbury,"£235,000        ",flat,2,prop74457170
83,canterbury,"£235,000        ",flat,2,prop121559030
84,canterbury,"£235,000        ",flat,2,prop82738542
85,canterbury,"£235,000        ",flat,2,prop80183259
86,canterbury,"£235,000        ",flat,2,prop121872143
87,canterbury,"£230,000        ",flat,2,prop114780371
88,canterbury,"£230,000        ",flat,2,prop121445588
89,canterbury,"£230,000        ",flat,2,prop120972284
90,canterbury,"£230,000        ",flat,2,prop121736183
91,canterbury,"£230,000        ",flat,2,prop119997632
92,canterbury,"£230,000        ",flat,2,prop121912889
93,canterbury,"£230,000        ",flat,2,prop116054954
94,canterbury,"£230,000        ",flat,2,prop120771512
95,canterbury,"£230,000        ",flat,2,prop121208621
96,canterbury,"£230,000        ",flat,2,prop118783748
97,canterbury,"£230,000        ",flat,2,prop119843753
98,canterbury,"£230,000        ",flat,2,prop121201283
99,canterbury,"£229,995        ",flat,2,prop114491852
100,canterbury,"£227,500        ",flat,2,prop112080290
101,canterbury,"£225,000        ",flat,2,prop120379658
102,canterbury,"£225,000        ",flat,2,prop116150582
103,canterbury,"£224,995        ",flat,2,prop121956548
104,canterbury,"£224,750        ",flat,2,prop121956545
105,canterbury,"£220,000        ",flat,2,prop118029269
106,canterbury,"£220,000        ",flat,2,prop103033778
107,canterbury,"£220,000        ",flat,2,prop114165530
108,canterbury,"£220,000        ",flat,2,prop115038650
109,canterbury,"£220,000        ",flat,2,prop114397541
110,canterbury,"£220,000        ",flat,2,prop120468797
111,canterbury,"£220,000        ",flat,2,prop112546442
112,canterbury,"£220,000        ",flat,2,prop87913663
113,canterbury,"£220,000        ",flat,2,prop114358337
114,canterbury,"£215,000        ",flat,2,prop112138451
115,canterbury,"£215,000        ",flat,2,prop118666253
116,canterbury,"£210,000        ",flat,2,prop111212768
117,canterbury,"£210,000        ",flat,2,prop115323950
118,canterbury,"£210,000        ",flat,2,prop109955243
119,canterbury,"£210,000        ",flat,2,prop106538297
120,canterbury,"£200,000        ",flat,2,prop114996560
121,canterbury,"£200,000        ",flat,2,prop103839761
122,canterbury,"£200,000        ",flat,2,prop117681929
123,canterbury,"£200,000        ",flat,2,prop112545863
124,canterbury,"£200,000        ",flat,2,prop121149785
125,canterbury,"£200,000        ",flat,2,prop113416208
126,canterbury,"£200,000        ",flat,2,prop116891126
127,canterbury,"£199,995        ",flat,2,prop113637344
128,canterbury,"£195,000        ",flat,2,prop79970466
129,canterbury,"£195,000        ",flat,2,prop114867809
130,canterbury,"£190,000        ",flat,2,prop114937835
131,canterbury,"£190,000        ",flat,2,prop115544951
132,canterbury,"£190,000        ",flat,2,prop120609377
133,canterbury,"£190,000        ",flat,2,prop122021912
134,canterbury,"£190,000        ",flat,2,prop118422245
135,canterbury,"£182,000        ",flat,2,prop118373690
136,canterbury,"£179,995        ",flat,2,prop102302807
137,canterbury,"£170,000        ",flat,2,prop113838059
138,canterbury,"£170,000        ",flat,2,prop119295776
139,canterbury,"£165,000        ",flat,2,prop111719663
140,canterbury,"£165,000        ",flat,2,prop117895091
141,canterbury,"£165,000        ",flat,2,prop116396786
142,canterbury,"£160,000        ",flat,2,prop119645963
143,canterbury,"£160,000        ",flat,2,prop119555717
144,canterbury,"£160,000        ",flat,2,prop120045167
145,canterbury,"£160,000        ",flat,2,prop120637865
146,canterbury,"£160,000        ",flat,2,prop89558461
147,canterbury,"£150,000        ",flat,2,prop66759156
148,canterbury,"£150,000        ",flat,2,prop70772109
149,canterbury,"£135,000        ",flat,2,prop112384406
150,canterbury,"£129,950        ",flat,2,prop112381097
151,canterbury,"£120,000        ",flat,2,prop119549576
152,canterbury,"£110,000        ",flat,2,prop106010555
153,canterbury,"£60,000        ",flat,2,prop118848116
